<?xml version="1.0" encoding="UTF-8"?><metadata>
    <idinfo>
        <citation>
            <citeinfo>
                <origin/>
                <pubdate>unknown</pubdate>
                <title>Census Blocks 2020</title>
                <onlink>https://public.gis.lacounty.gov/public/rest/services/LACounty_Dynamic/Demographics/MapServer/16</onlink>
            </citeinfo>
        </citation>
        <descript>
            <abstract>Blocks are typically bounded by streets, roads or creeks. In cities, a census block may correspond to a city block, but in rural areas where there are fewer roads, blocks may be limited by other features. The Census Bureau established blocks covering the entire nation for the first time in 1990.There are less number of Census Blocks within Los Angeles County in 2020 Census TIGER/Line Shapefiles, compared in 2010.Updated:1. June 2023: This update includes 2022 November Santa Clarita City annexation and the addition of &amp;quot;Kinneloa Mesa&amp;quot; community (was a part of unincorporated East Pasadena). Added new data fields FIP_CURRENT to CITYCOMM_CURRENT to reflect new/updated city and communities. Updated city/community names and FIP codes of census blocks that are in 2022 November Santa Clarita City annexation and new Kinneloa Mesa community (look for FIP_Current, City_Current, Comm_Current field values)2. February 2023: Updated few Census Block CSA values based on Demographic Consultant inquiry/suggestions3. April 2022: Updated Census Block data attribute values based on Supervisorial District 2021, Service Planning Area 2022, Health District 2022 and ZIP Code Tabulation Area 2020Created: March 2021How This Data is Created? This census geographic file was downloaded from Census Bureau website: https://www2.census.gov/geo/tiger/TIGER2020PL/STATE/06_CALIFORNIA/06037/ on February 2021 and customized for LA County. New data fields are added in the census blocks 2020 data and populated with city/community names, LA County FIPS, 2021 Supervisorial Districts, 2020 Census Zip Code Tabulation Area (ZCTA) and some administrative boundary information such as 2022 Health Districts and 2022 Service Planning Areas (SPS) are also added. &amp;quot;Housing20&amp;quot; field value and &amp;quot;Pop20&amp;quot; field value is populated with PL 94-171 Redistricting Data Summary File: Decennial Census P.L. 94-171 Redistricting Data Summary Files. Similarly, &amp;quot;Feat_Type&amp;quot; field is added and populated with water, ocean and land values. Five new data fields (FIP_CURRENT to CITYCOMM_CURRENT) are added in June 2023 updates to accommodate 2022 Santa Clarita city annexation. City/community names and FIP codes of census blocks affected by 2022 November Santa Clarita City annexation are assigned based on the location of block centroids. In June 2023 update, total of 36 blocks assigned to the City of Santa Clarita that were in Unincorporated Valencia and Castaic. Note: This data includes 3 NM ocean (FEAT_TYPE field). However, user can use a definition query to remove those. Data Fields: 1. STATE (STATEFP20): State FIP, &amp;quot;06&amp;quot; for California, 2. COUNTY (COUNTYFP20): County FIP &amp;quot;037&amp;quot; for Los Angeles County, 3. CT20: (TRACTCE20): 6-digit census tract number, 4. BG20: 7-digit block group number, 5. CB20 (BLOCKCE20): 4-digit census block number, 6. CTCB20: Combination of CT20 and CB20, 7. FEAT_TYPE: Land use types such as water bodies, ocean (3 NM ocean) or land, 8. FIP20: Los Angeles County FIP code, 9. BGFIP20: Combination of BG20 and FIP20, 10. CITY: Incorporated city name, 11. COMM: Unincorporated area community name and LA City neighborhood, also known as &amp;quot;CSA&amp;quot;, 12. CITYCOMM: City/Community name label, 13. ZCTA20: Parcel specific zip codes, 14. HD12: 2012 Health District number, 15. HD_NAME: Health District name, 16. SPA22: 2022 Service Planning Area number, 17. SPA_NAME: Service Planning Area name, 18. SUP21: 2021 Supervisorial District number, 19. SUP_LABEL: Supervisorial District label, 20. POP20: 2020 Population (PL 94-171 Redistricting Data Summary File - Total Population), 21. HOUSING20: 2020 housing (PL 94-171 Redistricting Data Summary File - Total Housing),22. FIP_CURRENT: Los Angeles County 2023 FIP code, as of June 2023,23. BG20FIP_CURRENT: Combination of BG20 and 2023 FIP, as of June 2023,24. CITY_CURRENT: 2023 Incorporated city name, as of June 2023,25. COMM_CURRENT: 2023 Unincorporated area community name and LA City neighborhood, also known as &amp;quot;CSA&amp;quot;, as of June 2023,26. CITYCOMM_CURRENT: 2023 City/Community name label, as of June 2023.</abstract>
            <purpose>Hosted feature layer of 2020 Census Blocks for the purposes of visualization and analysis. Census blocks are the statistical area bounded by visible features and by nonvisible boundaries. A block is the smallest geographic unit used by the US Census Bureau for decennial census data tabulation.</purpose>
        </descript>
        <keywords>
            <theme>
                <themekt>None</themekt>
                <themekey>Census</themekey>
                <themekey>Census Blocks</themekey>
                <themekey>Demographic</themekey>
                <themekey>Demography</themekey>
                <themekey>Block</themekey>
            </theme>
        </keywords>
        <accconst>None</accconst>
        <useconst>The data herein is for
informational purposes and may not have been prepared for or be suitable for
legal, engineering, or surveying intents. The County of Los Angeles reserves
the right to change, restrict or discontinue access at any time. All users of
the maps and data presented on https://lacounty.maps.arcgis.com or deriving
from any LA County REST URLs, agree to follows Terms of Use as outlined on the
County of LA Enterprise GIS (eGIS) Hub (https://egis-lacounty.hub.arcgis.com/pages/terms-of-use).</useconst>
        <datacred>Los Angeles County, US Census Bureau</datacred>
    </idinfo>
    <metainfo>
        <metd>20210322</metd>
        <metc>
            <cntinfo>
                <!--no contact person or organization name available-->
            </cntinfo>
        </metc>
        <metstdn>FGDC Content Standard for Digital Geospatial Metadata</metstdn>
        <metstdv>FGDC-STD-001-1998</metstdv>
        <mettc>local time</mettc>
    </metainfo>
</metadata>
